character,high-freq,medium-freq,examples
这,"这
这个","这些
这样
这里
这么","我这這就过過去。
这這本书書写寫得不错錯。
他这這才突然明白过過来來。
这个好多了。
这个再加点。
这个量多吗？"
个,"个
这个","个人
个个
个性
整个
那个","俩倆人相差个個两兩三岁歲。
她比她丈夫大个個一两兩岁歲。
冲沖个個澡
这个好多了。
这个再加点。
这个量多吗？"
们,"你们
我们","人们
他们","我既不乞讨你们的恩惠，也不惧怕你们的憎恨。
我的工作不是代表华盛顿对你们说话，而是代表你们对华盛顿说话。
女引座员可以把你们带到你们的座位上。
我们們一起去公园園吧。
我们們孩子特别別乖。
我们們去年去了希腊臘。"
中,"中
中国","中共
中午
中原
中国人
中国式
中场
中外
中天
中央
中学
中山
中年
中式
中心
中性
中意
中文
中新网
中毒
中奖
中等
中级
中华
中药
中转
中途
中部
中医
中间
中饭
中餐
之中
其中
初中
命中
国中
家中
市中心
心中
击中
猜中
当中
看中
空中
途中
集中
高中
高中生","在改革中
会會议議在进進行中。
彩票中了头頭奖獎。
中国(國)历(歷)史
毛主席领(領)导(導)下的中国(國)
我在中国(國)呆了差不多一个(個)月"
来,"来
来自
出来
原来
回来
起来
越来越","上来
下来
以来
来到
来回
来年
来源
来临
来说
来电
传来
到来
如来
将来
带来
后来
从来
想来
拿来
接下来
未来
本来
用来
看来
进来
过来
醒来","几幾年来來
芭蕾舞我跳不来來。
请請来來碗面麵条條。
青年志愿者们都来自不同的国家。
风险来自于你不知道自己在做什么。
公正不是来自外界，而是来自内心的平静。

几幾十年过過去，这這个個小镇鎮还還是原来來的样樣子。
我以为為你出国國了，原来來你还還在国國内內呢！
我原来來并並不知道他们們两兩人之间間的恩恩怨怨。

起来來吧,天都亮了。
赶趕快起来來,来來客人了。
突然唱起来(來)/跑了起来(來)
这里越来越黑了。
北京越来越热了。
加速度终于越来越小。"
上,"上
上班
早上
晚上","上下
上来
上传
上午
上去
上司
上天
上学
上市
上帝
上床
上升
上映
上海
上演
上涨
上火
上班族
上瘾
上网
上线
上街
上课
上路
上身
上车
上辈子
上门
上面
世上
以上
加上
史上
向上
地上
基本上
天上
实际上
爱上
戴上
楼上
海上
爬上
登上
看上
穿上
至上
赶上
路上
踏上
身上
闭上
马上","上杂雜志誌
我跑上楼樓梯。
我的表錶已上弦絃了。
上班
上班
我周(週)五不上班
凌(淩)晨3点(點)/早上7点(點)
早上床睡觉(覺)是明智的
从(從)晚上9点(點)到早上9点(點)
前天晚上
今天晚上出去吃好吗(嗎)？
从(從)晚上9点(點)到早上9点(點)"
大,"大
大吉
大家
大奖
大话骰","一大早
亚历山大
人大
伟大
加大
加拿大
北大
博大
哈哈大笑
大不了
大亨
大人
大伙
大伯
大佬
大便
大侠
大内
大全
大刀
大力
大半
大叔
大口
大吃大喝
大吉大利
大同
大哥
大哥大
大哭
大唐
大喜
大地
大型
大堂
大多
大多数
大大
大大小小
大夫
大姐
大姨
大姨妈
大娘
大妈
大学
大学生
大寒
大宝
大小
大山
大巴
大师
大幅
大厦
大厅
大怒
大意
大战
大户
大拇指
大方
大于
大会
大业
大概
大楼
大桥
大气
大洋
大海
大清早
大润发
大火
大爷
大片
大牌
大王
大理
大众
大炮
大笑
大米
大约
大红
大纲
大声
大腕
大脑
大腿
大胆
大自然
大蒜
大号
大街
大衣
大规模
大豆
大象
大军
大连
大运
大道
大选
大部分
大都
大量
大门
大陆
大队
大雨
大雪
大雾
大风
大餐
大驾
大闹天宫
大龄
巨大
师大
广大
强大
恍然大悟
意大利
扩大
放大
澳大利亚
火大
百慕大
盛大
绝大多数
老大
自大
重大
长大
高大
庞大","他比我大。
大吃喫一惊驚
音乐樂声聲太大,请請关關小一点點。
小王总把做作业当苦差事，每次做完就感觉完事大吉了。
猪年大吉!
他为什么溜之大吉？
国國画畫大家
我们們大家必须須继繼续續努力。
大家都很喜欢歡这這部电電影。
祝您中大奖。
这次的大奖到现在还虚悬着呢。
他为整个大奖在赌博。
"
为,"以为
因为
成为
为
为了
为什么","不为人知
作为
改为
最为
为主
为何
为止
无能为力
称为
行为
认为
身为","我以为為你不想来來呢！
老李以为為这這件事跟他没沒关關系係。
以为(為)⋯
因为為有暴风風雨，所以他们們取消了航海计計划劃。
一般人都对战争和展览的失败害怕的要死，因为有钱人--不想买任何东西。
我们不会死，因为我们必须得死；我们死去，因为不久之后的某天，我们被迫地认为那是必须的。
活着的全部意义在于发展成为你想成为的完整的人。
想要成为能够成为的人是生活的目标。
永远不要忘记，你的人生是你自己在掌控。你因你有意或无意地选择而成为你。
我真为為你高兴興！
一公斤约为為两兩磅。
这這部老电電影为為大家喜爱愛。
坏人活着是为了吃喝，而好人吃喝是为了活着。
为了谋生不必去死。
欲望的本质是不满足,而大多数人活着只是为了满足它。
为什么这么做？
你看到已经存在的事物，问‘为什么如此呢?' 但我却梦想从未有过的事物；并问，“为什么不能呢?”
为什么吸毒者和电脑爱好者都被称为用户？"
和,和,"和尚
和平
和谐
平和
暖和","5与與5的和是10。
他和我是同事。
夫妻不和。"
国,"中国
中国人
国
国内
国家
国际
美国
韩国","中国式
亡国
俄国
共和国
出国
北国
吴国
回国
国中
国人
国企
国债
国内外
国务院
国土
国外
国大
国学
国家级
国家队
国宝
国度
国情
国庆
国旗
国会
国有
国歌
国民
国民党
国泰民安
国王
国产
国界
国画
国籍
国粹
国航
国语
国贸
国道
国防
国际化
外国
外国人
天国
帝国
建国
张国荣
强国
德国
德国人
爱国
爱国者
我国
战国
曾国藩
民国
治国
法国
法国人
泰国
王国
异国
祖国
米国
美国人
联合国
兴国
英国
英国人
蒋经国
蜀国
跨国
开国
韩国人
魏国","中国(國)历(歷)史
毛主席领(領)导(導)下的中国(國)
我在中国(國)呆了差不多一个(個)月
吃面包和肉。中国人呢？
中国人用木制筷子吃饭。
中国人习惯把媒人称之为红娘。
国國徽
他是哪国(國)人？
他是哪国人？
国内市场的扩大
国内市场没有足够的增长。
中国更加重视国内的石油生产。
不要问国家能为你做什么, 问问你能为国家做些什么。
国家存在就不能有自由。而有了自由就不会有国家。
寄到哪个国家？
国际
我寄国际包裹。
这是国际驾照。
美国國人
美国音乐的创作方法很简单。你所要做的就是做个美国人然后创作你想要的那种音乐。
你能接受美国文化吗？
我们乘船去韩国旅行。
他在一家韩国公司当顾问。
这次我们将去韩国度假。"
地,"地
地主
地址
地方","不败之地
内地
原地
土地
地上
地下
地位
地区
地图
地域
地坛
地带
地板
地步
地毯
地牢
地狱
地球
地理
地瓜
地产
地盘
地道
地铁
地铁站
地震
地面
地点
基地
场地
墓地
外地
大地
天地
天崩地裂
天旋地转
天长地久
失地
奥地利
工地
心地
战地
房地产
扫地
本地
欢天喜地
死心塌地
特地
异地
异地恋
当地
目的地
圣地
脚踏实地
草地
落地
谈天说地
谢天谢地
质地
遍地
阵地
随地
领地
余地","他家离離城有5公里裡地。
从從家到学學校坐4站地。
学學生大声聲地回答问問题題。
地主已知道了那栋楼房。
这个老地主是个不折不扣的催命鬼。
爷爷小时候是地主家的牛倌儿。
通信地址
家庭地址
办辦公地址
你是哪个個地方的人？
这這个個地方真美。
车車里裡没沒地方了。"
到,到,"不到
来到
做到
到来
到家
到底
到处
到达
受到
回到
得到
想到
感到
找到
接到
收到
碰到
等到
签到
听到
见到
买到
遇到
达到
迟到","到点點了,起床！
火车車到了。
你的要求我办辦不到。"
以,"以
以后
可以
所以","之所以
以上
以下
以来
以前
以及
以外
以往
以为
足以
难以","以新的标標准準衡量
以强強凌淩弱
我们們要改进進技术術，以提高生产產效率。
以后後我们們去看电電影。
两兩年以后後，他果然去周游遊世界了。
两兩年以后後
今天我忙得够夠可以的。
他乒乓球打得还還可以。
别別人能做到的,你也可以。
路上堵车車，所以我迟遲到了。
她要减肥，所以拒绝吃肥肉。
管子是弯的，所以望不出去。"
说,"传说
说","来说
小说
据说
听说
解说
诉说
说不定
说出
说好
说明
说服
说法
说话
说说
说谎
说起
说道","白蛇是传说中的神物。
传说嫦娥就住在月亮里的水晶宫。
这就是传说中蚩尤战斗的地方。
他说說他不来來了。
衣服弄得这這么麼脏髒,看你妈媽妈媽不说說你。
她说(說)听(聽)不见(見)我说(說)的话(話)"
时,"同时
小时
时
时代
时候
时光
时尚
时间
随时","一时
不时
何时
倒计时
到时
到时候
即时
及时
定时
实时
小时候
平时
几时
按时
时分
时刻
时报
时差
时常
时时
时时刻刻
时期
时机
时段
时空
时节
时装
时隔
时髦
暂时
有时
有时候
有的时候
此时
历时
准时
当时
临时
临时工
计时
这时
过时
适时
那时
那时候
顿时","桌子太大了,同时時也太贵貴了。
该該项項目时時间間紧緊,同时時工作量也很大。
同时時发發生
很多公司实實行8小时時工作制。
有两(兩)小时(時)车(車)程
一小时(時)干(乾)洗服务(務)
钟鐘表錶要报報时時了。
营營业时時间間是从從上午9时時到下午5时時。
当當时時
这个时代同所有的时代一样，非常好的时代，如果我们能知道在这时代里应该做些什么的话。
一个时代的自由思想是下一个时代的常识。
计算机时代
在没有必要作决定的时候，就必须不作决定。
工作的时候工作，游戏的时候游戏。
生气的时候，想想后果。
早晨的时光嘴里有金子。
早晨的时光嘴里有金子。
嗅觉是个很强大的向导，他带你穿越几千英里和你生活过的时光。
时尚。
时尚改变，风格依旧。
衣着时尚，心怀信仰。
任何时间就是没有时间。
时间不等人。
懊悔浪费时间更是浪费时间。
嫉妒就像影子一样随时出现。
随时都能完成的事，从来没有全部做完过。
随时愿意效劳。"
要,要,"主要
只要
必要
想要
要是
要求
要么
重要
需要","我要上厕廁所。
我要学學开開车車。
这這台臺风風扇要多少钱錢？"
就,就,"就算
成就","泡菜就稀粥
就他一人没沒来來。
请請稍等,我这這就做完。"
出,"付出
出
出来
出去
出现
出发
出门","伸出
作出
做出
出世
出乎
出乎意料
出事
出人意料
出入
出动
出口
出名
出品
出售
出国
出场
出奇
出嫁
出局
出差
出师
出席
出息
出手
出于
出汗
出没
出海
出炉
出版
出生
出众
出租
出租车
出声
出自
出台
出色
出处
出血
出行
出卖
出路
出身
出轨
出游
出道
出错
出院
出面
出头
取出
外出
得出
复出
想出
找出
拍出
拿出
指出
掏出
排出
推出
提出
播出
支出
放出
日出
派出所
流出
演出
发出
看出
突出
冲出
认出
说出
卖出
走出
超出
跳出
退出
选出
迈出
长出
露出","为(為)某事付出代价(價)
为(為)某事付出很高的代价(價)
付出了巨大的生命代价(價)。
出
出考题題
他为為此出了很多力。
出来。
受不了热就从厨房出来。
画面不出来。
出去吃饭飯
出去逛逛
你今晚出去吗(嗎)？
她的出现現令我感到意外。
他没沒有出现現在聚会會上,朋友很失望。
罪恶不会出现在自然界，而是由人民普遍认同的好坏来决定的。
出发
从從实實际際出发發
一早出发(發)
送某人出门(門)
他爸爸整个(個)月都限制他出门(門)。
送某人出门"
会,"学会
会
机会","一会
一会儿
公会
协会
大会
奥运会
委员会
学生会
年会
庙会
待会儿
教会
晚会
会员
会场
会心
会死
会见
会计
会议
会长
演唱会
理会
发布会
社会
社会主义
约会
聚会
联欢会
舞会
误会
证监会
运动会
都会
开会
音乐会
体会
黑社会","如果你不学会在困境中笑，你到晚年的时候就没有什么可以笑的了。
从幼年的时候就学会不喜欢孩子，在之后的生活中，会减少很多的花费和恼怒。
我们曾经认为如果我们知道了一个，就会知道两个，因为一加一等于二。我们发现我们必须学会更多的“和”。
我不会會下象棋。
会會过過日子
会會武术術
机会
""你越是了解世界，就越有机会嘲笑它。""
命运不是一种机会，而是一种选择，它不是用来等待的，而是拼搏去获得的。"
可,"可
可以
可是
可能","可怕
可悲
可惜
可恶
可爱
可怜
可乐
宁可
无懈可击","这這件事他可知道？
没沒什么麼可担擔心的。
这這书書你可看过過？
今天我忙得够夠可以的。
他乒乓球打得还還可以。
别別人能做到的,你也可以。
他儿兒子可是真聪聰明。
这這个個小镇鎮不大,可是很热熱闹鬧。
造币厂制造金钱，可是怎么用取决于自己。
可能(⋯)
可能(…)
他可能去重庆慶了。"
多,"多
多少","二十多
多久
多半
多多
多情
多数
多谢
多变
多云
多余
多么
大多
大多数
好多
差不多
众多
维多利亚
许多
诸多
丰富多彩
顶多","两年多前
她喝多了。
你儿兒子多大了？
多少
你们們有多少我们們要多少。
今天有多少人到会會?"
经,"已经
曾经
经
经典
经常
经历
经济
经过
经验","不经意
心经
必经
月经
正经
历经
痛经
神经
神经病
神经质
经不起
经受
经济学
经营
经理
经纪人
总经理
圣经
财经
途经","已经經到深秋了。
已经够热/ 难的了
不要轻视那些已经死去的勇士，我们应该记得他们生前英勇的行为。
我曾经經想出国國留学學。
未来不在于它曾经是什么。
人生里有比死亡更糟的事情。你曾经和一个保险推销员待过一晚上么？
她经經得起折腾騰。
经經商
经經常
这张唱碟收录的都是经典老歌。
这几首经典歌曲被人们广为传唱。
这张CD收录了他们最经典的歌曲。
经常
并不经常…
别经常这么做
不经历苦难就不能被祝福。
如果你经历和我一样的人生，你就不会低估迷恋的力量了。
幸福不是你经历了些什么，而是你记住了些什么。
我经济拮据
就气候/ 经济而言
在政治/ 经济方面
它经过纽约吗？
我们生来就是有魅力、清新、自然的，一定要先经过教化，才能适合参与进社会。
我们不接受智慧；我们必须经过一段没有人能接受或宽恕我们的旅程来自己发现。
我们都有过失败的经验，这些都是为我们的成功而做的准备。
经验不是指一个人碰上了什么事，而是这个人遇到这些事时怎样处理的。
经验是智慧之父，记忆是智慧之母。"
么,"什么
怎么
这么
那么","多么
怎么样
为什么","什么？
你要什么麼？
我什么麼都不怕。
他最近怎么麼样樣 ？
我是怎么麼想就怎么麼说說。
他今天不怎么麼高兴興。
这么多仆人，这么多敌人。
一个小孩都受这么多苦，这世上没有真正的爱。
我不这么认为
你别別那么麼想。
你不该該那么麼相信他。
再有那么麼七八个個就够夠了。"
去,去,"上去
下去
出去
去年
回去
失去
进去
过去","从從广廣州去北京
我们們昨天去上海了。
去了一封信"
法,"做法
想法
方法
没法
法
法国
法律
无法
办法
魔法","不法
佛法
作法
依法
兵法
刑法
加法
司法
吃法
合法
执法
婚姻法
宪法
戏法
手法
打法
政法
书法
书法家
法人
法制
法则
法国人
法子
法学
法官
法定
法宝
法师
法庭
法式
法拉利
法案
法治
法海
法网
法老
法兰克福
法规
法语
法院
犯法
用法
疗法
看法
立法
算法
设法
语法
说法
输入法
违法
非法
魔法师","仿效某人的做法
软(軟)硬兼施的做法
许(許)多人效仿了他的做法。
充满(滿)信心/想法
什么(麼)想法促使你(去干(幹)这(這)事)？
就如何改变(變)体(體)制，他有一些远(遠)大的想法。
打击有害思想的方法是用其它思想，打击谎言的方法是用真相。
中国古代通过六书的方法造字。
准备色柱有两种方法：干法和湿法。
他和我儿子没法比。
同某人/ 某物没法相比
我知道自己没法跟他较量。
罪犯被绳之以法。
最后一年，我专攻军事法。
他当當时時不知道犯了法。
法国(國)史
法国(國)南部
法国(國)北部
攻读(讀)法律/医(醫)学(學)
法律中的军事法律相当于音乐中的军歌。
在良心方面，多数法律没有用武之地。
除了音乐中无法找到的极度的恐惧和悲伤，没有任何感觉。
不要对你的新想法感到惊讶。因为你所想的事，没有被更多人所接受，无法成为现实。
我无法理解
人没有办法避免思考的劳动。
信守承诺的最好办法就是不要许诺。
多年来她学到的最重要的事是即使有一百万种方法去做一个好母亲，也没有办法做一个完美的母亲。
啊，音乐。超越了我们在这里做的所有一切的魔法。
她像是对我施了魔法。
他们在巨塔里面寻求邪恶魔法。"
学,"上学
中学
化学
同学
大学
大学生
学
学妹
学会
学期
学校
学生
学习
学院
小学
数学
科学
开学","中学生
佛学
光学
入学
初学者
力学
博学
哲学
哲学家
商学院
国学
好学
学位
学分
学名
学员
学问
学园
学堂
学坏
学好
学姐
学子
学弟
学徒
学时
学业
学业有成
学历
学生会
学生证
学科
学者
学术
学说
学识
学费
学长
小学生
张学友
心理学
心理学家
放学
放学后
教学
教学楼
散学
文学
求学
法学
奖学金
留学
留学生
社会学
科学家
科学院
管理学
统计学
经济学
经济学家
美学
自学
转学
退学
医学
医学院","
中学
从(從)经(經)验(驗)中学(學)到
只有那些愿意吸取教训的人才能从经验中学到东西。
化学
两个灵魂的相遇就像两种化学物质的接触，一丁点的反应就会彻底改变它们。
恐怕这场化学考试会很难的！


他们家的几个哥们儿都是大学生。
大学生每学期至少要拿15个学分。
大学生在校结婚已经合法化了。
上法/医(醫)学(學)院
这(這)所学(學)校的学(學)生可以按喜好随(隨)意着(著)装(裝)。
儿时所学，终生难忘。

如果你不学会在困境中笑，你到晚年的时候就没有什么可以笑的了。
从幼年的时候就学会不喜欢孩子，在之后的生活中，会减少很多的花费和恼怒。
我们曾经认为如果我们知道了一个，就会知道两个，因为一加一等于二。我们发现我们必须学会更多的“和”。
在学期/ 假期中
这学期快结束了。
人生不分学期。没有暑假可以休，也没有几个老板愿意帮你发现自我。
建立新学校以努力满足不断增长的需求
学校在哪儿？
你上哪所学校？
无论是谁结束了学生生涯，就不再是学生了。
学生打折吗？
只有5%的学生回答正确。
很多事我们都是只有学了才会做，通过做才学习到。
学习不是强制的，也不是生存。
工作中学习，你就锁住了命运的车轮。
他从耶鲁法律学院毕业。
他在加拿大的艺术学院上学。
剑桥大学共有31个学院。
小学
小学(學)生们(們)把他们(們)最喜好的运(運)动(動)列了出来(來)。
他成为了一名小学教师。
数学
数学是科学的女王。
在数学中，你并不理解事情。你只是习惯于它们。
科学能够用来整治大多数的不好的，但是救不了那其中最坏的, 人的冷漠。
科学诞生于诗歌, 时间的推移会使二者在更高的层次上重识相知。
一旦行动的意愿或原因或选择被质疑,人类科学就会遭受损失。
学校下周一开学。
学校在秋季开学。
下周一安就要开学了。"
如,"如
如何
如果
如此","一如既往
不如
例如
假如
如下
如今
如来
如同
如意
如愿
比如
犹如
万事如意","她俩倆亲親如姐妹。
如一切顺順利,我们們会會提前到达達。
北京有很多名胜勝,如故宫宮、天坛壇等。
此事如何解决決？
你今后後如何打算？
知道如何取胜的人远比知道如何正确利用胜利的人多。
如果我是你,就接受那份工作。
我想周週末去爬山,如果不下雨的话話。
如果没有虚荣心，即丧失了生存的意义。
人生如此美好！
他的态態度竟如此恶惡劣。
听聽说說要放10天假。 —但愿願如此。"
都,都,"成都
都市","都是他才酿釀成了车車祸禍。
景德镇鎮有瓷都之称稱。
老师師待他比亲親生父母都好。"
同,"不同
共同
同
同事
同学
同时
同样","一同
共同点
合同
同仁
同伴
同居
同志
同性
同性恋
同情
同意
同感
同桌
同步
同盟
同胞
同行
同道
同龄
大同
如同
志同道合
感同身受
相同
胡同
与众不同
认同
赞同
陪同
党同伐异","不同
隔代不同礼。
爱情仅仅是理解并陶醉于他人的不同于我们生活的行为和经验么？
共同生活
共同愿願望
咱(偺)们(們)共同商量
他同朋友在一起吃饭飯。
我同我哥哥一样樣高。
你最好同他谈談谈談这這事。
首相猛烈抨击(擊)他的同事。
记(記)者们(們)举(舉)行抗议(議)以表示对(對)同事的支持。
我不跟同事约会。
我和她是同学(學)。
我和他是同学(學)。
我和他是同学。
桌子太大了,同时時也太贵貴了。
该該项項目时時间間紧緊,同时時工作量也很大。
同时時发發生
同样樣的愿願望
与(與)⋯同样(樣)好/有趣
该(該)计(計)划(劃)有很大的经(經)济(濟)利润(潤)，但同样(樣)也有很大的风(風)险(險)。"
现,"出现
现在
发现","呈现
实现
展现
现
现代
现场
现实
现状
现象
现货
现身
现金
表现
重现
惊现
体现","她的出现現令我感到意外。
他没沒有出现現在聚会會上,朋友很失望。
罪恶不会出现在自然界，而是由人民普遍认同的好坏来决定的。
现在做好小的事情。大事情会找你来做的。
从现在开始，我不会用一个介词来结束一句话。
激情让人全部投入到现在，所以时间变成一连串互相排斥的“现在”。
发现
我们总是更渴望那些我们没有的才能被发现，而不是被赞赏已经拥有的十五种能力。
我发现一个悖论，假如你爱至成伤，你会发现伤没有了，只有更多的爱。"
日,"今日
日
日子
生日","假日
即日
向日葵
夏日
工作日
平日
往日
成日
日出
日前
日报
日夜
日常
日式
日后
日日
日历
日期
日本
日本人
日照
日落
日记
日志
日语
早日
明日
昔日
星期日
昨日
末日
烈日
节日
纪念日
近日
周日","今日气氣温溫偏高。
今日温(溫)布尔(爾)登的赛(賽)事又受到下雨的干扰(擾)。
法网公开赛今日举行。
日复(復)一日
一日三次
七月一日
近些日子,你都忙什么麼呢？
老百姓的日子越来來越好了。
使某人日子不好过(過)
生日
你生日时(時)得到了什么(麼)礼(禮)物？
咱(偺)们(們)得好好过(過)过(過)你的生日"
军,"亚军
冠军
千军万马
季军
将军
军事
军团","三军
全军覆没
冠军赛
参军
大军
从军
敌军
新四军
日军
水军
海军
督军
空军
红军
美军
解放军
贺军翔
军
军人
军令如山
军刀
军区
军官
军情
军方
军旅
军校
军演
军火
军营
军用
军舰
军装
军训
军车
军医
军阀
军队
进军
远征军
陆军","前世界亚军
英国队得了亚军。
约翰获得赛跑亚军。
大卫(衛)在马(馬)术(術)冠军(軍)赛(賽)中居领(領)先位置。
我想与(與)他进(進)行拳击(擊)赛(賽)争(爭)夺(奪)冠军(軍)头(頭)衔(銜)。
力争爭冠军軍
千军万马不是轻易就可击败的。
有事就叫我，我带齐了千军万马来帮你。
若有勇气，即使是一个人，却可比得上千军万马。
她在这這次写寫作大赛賽中获獲得季军軍。
他拿了季军軍。
他拿了季军。
将军。
将军下达了直接命令。
将军在战场上发号施令。
法律中的军事法律相当于音乐中的军歌。
军事阅兵被取消了。
最后一年，我专攻军事法。
繁忙的人被一个魔鬼引诱；空闲的人被一个魔鬼的军团引诱。
在这次行动后，这个军团启程回家。
罗马第九军团组成龟甲阵方队——注意——进军！"
者,"作者
告密者
患者
或者
终结者
者
记者","使用者
使者
侍者
伤者
初学者
前者
创业者
胜利者
劳动者
参与者
受害者
失败者
学者
完美主义者
工作者
后者
忍者
志愿者
爱国者
爱好者
应聘者
投资者
拓荒者
操作者
支持者
旁观者
旅行者
智者
步行者
死者
求职者
流浪者
消费者
火影忍者
获奖者
第三者
笔者
素食者
统治者
经营者
老者
听者
舞者
行者
制造者
记者会
设计者
读者
逝者
长者
领导者","作者
作者
作者将(將)她最有意思的观(觀)点(點)写(寫)在书(書)中近结(結)尾处(處)。
告密者
勒索告密者说出更多信息。
告密者的名字一定要公之于众。
患者
您是James医生的患者吗？
送患者什么好呢？
周週末我或者在家做饭飯,或者出去吃。
再给給他发發封信，或者会會有回音的。
你先发發言,或者他先发發言都可以。
你确定把这终结者留在
这是电影终结者中的一幕。
数字俚语将成英语终结者
无知者无罪。
害人者终将害己。
痛苦不是按邪恶的本质来衡量，而是按承受者的脾气。
记者
一位声称是记者的人
他召集了一场记者招待会。"
意,"任意
创意
在意
好意思
如意
意外
意思
意义
意见
惬意
注意
满意
万事如意
愿意","一心一意
不经意
中意
主意
人意
介意
假意
全心全意
出乎意料
出人意料
刻意
同意
善意
大意
天意
失意
好意
寓意
得意
心意
心满意足
情意
恶意
意
意味
意境
意大利
意志
意想不到
意料
意气相投
意犹未尽
意识
意愿
爱意
故意
新意
有意
有意思
乐意
没意思
注意力
潜意识
无意
特意
玩意
玩意儿
生意
留意
真意
睡意
称心如意
肆意
诗意
诚意
随意
顺意","你可以任意指派一个個人做这這件事。
拿你喜欢(歡)的任意一张(張)卡
公众受媒体任意摆布。
他试图将我的创意说成是他的！
他剽窃了他的全部创意。
你的创意让我们度过了一个精彩的周末。
我毫不在意
我毫不在意
毫不在意
有同事在座，他没好意思说。
我都这么大了，怎么还好意思靠家里搭补过日子。
有同事在座，他没好意思说。
祝福你万萬事如意！
人不可能事事如意。
祝你在新的一年里三星高照、吉祥如意！
他(有点(點))出人意外地同意了
发(發)生意外时(時)她不在。
我们(們)没(沒)有保意外损(損)害险(險)。
这這个個连連续續剧劇太没沒意思。
没沒意思
有意思
如果没有虚荣心，即丧失了生存的意义。
恐怕你长时间地看着一件东西，它会失去它全部的意义。
幸福是生命存在的意义，是人类存在的宗旨和最终目的。
有意见見就提出来來。
请請你发發表一下意见見。
对對这這个個计計划劃大家还還有什么麼意见見？
充满兴味地置身季节的变换比无望地苦恋春天更让人心情惬意。
在河里游泳是非常惬意的。
海钓确实是一件很惬意的事情。
注意。
请請注意交通安全。
登山前特别別要注意服装裝和鞋子。
您满意吗？
很好，我非常满意。
对某事满意
万事如意。
祝你在新的一年里万事如意！
祝您万事如意。
她不愿意他工作得那么辛苦。
我不同意你说的话，但是我愿意誓死捍卫你说话的权利。
人人都希望长寿，但没人愿意变老。"
无,"无
无奈
无所谓
无敌
无数
无比
无法
无聊
无语
无论
无关
无限","一望无际
一无所有
一无所知
人无完人
冷酷无情
问心无愧
回味无穷
安然无恙
寥寥无几
徒劳无功
忍无可忍
战无不胜
无中生有
无人
无人区
无价
无偿
无力
无助
无动于衷
无厘头
无可厚非
无可奈何
无可救药
无名
无名指
无味
无地自容
无家可归
无常
无底
无形
无影无踪
无从
无微不至
无心
无怨无悔
无耻
无悔
无情
无意
无愧
无忧无虑
无懈可击
无成
无所事事
无所适从
无拘无束
无故
无效
无暇
无望
无期
无极
无济于事
无物
无猜
无理
无理取闹
无用
无疑
无益
无知
无私
无穷
无穷无尽
无端
无端端
无线
无缘
无缘无故
无罪
无声
无声无息
无能
无能为力
无与伦比
无色
无处
无处不在
无视
无言
无言以对
无话可说
无谓
无赖
无趣
无辜
无边
无邪
无量
无锡
无锡市
无间
无双
无非
无须
独一无二
当之无愧
目中无人
空无一人
童言无忌
义无反顾
肆无忌惮
与世无争
若无其事
苍白无力
虚无
语无伦次
遥遥无期
风雨无阻
默默无闻","因发發烧燒,我四肢无無力。
大家都在无無日无無夜地赶趕这這个個项項目。
无無论論怎么麼解释釋,他也不肯原谅諒我。

无所谓。平时的衣服也可以。
勇气就是做你不敢做的事情。没有畏惧就无所谓勇气。
品牌无所谓，质量才重要。
义勇的人民军队在战斗中所向无敌。
她很有天资，能成为天下无敌的象棋选手。
她很有天资, 能成为天下无敌的象棋选手。
一棵树的种子创造出无数的森林。
无数的人/ 物
有朋友无数，却无一人是多余的，只有一个仇人，却走到哪儿都能碰见他。
这刀是好锋口，锋利无比。
他感到无比迷茫，进退失据。
我驰目远眺，感到心胸无比开阔。
除了音乐中无法找到的极度的恐惧和悲伤，没有任何感觉。
不要对你的新想法感到惊讶。因为你所想的事，没有被更多人所接受，无法成为现实。
我无法理解
你的这种做法实在是无聊之极！
每次小张无聊的时候都会去酒吧喝酒。
我觉得无聊，我们回家吧。
面对这种情况真让人无语。
面对这种情况真让人无语。
我无语了。
无论你要去哪里，专心地去。
记忆是一个人所真实的拥有的，无论他富有还是贫穷都会拥有。
无论做什么，都要谨慎，直到结束。
这是无关紧要的
至关重要/ 无关紧要
与某人/ 某事无关
这无限的空间里的永恒的沉默让我充满恐惧。
我无法想象还有谁能超越他了，无限的神。对于愿望和要求从不需要我们的崇拜和赞美，甚至远远地不止这些。
在大笑中,整个宇宙都会充满无限可能。"
力,"力
力量
努力
压力
实力
巧克力
引力
影响力
给力
能力
魅力","一臂之力
主力
人力
免疫力
全力
全力以赴
兵力
创造力
力不从心
力作
力度
力挺
力气
力争
功力
助力
动力
势力
吃力
吸引力
大力
奋力
威力
强力
弹力
想象力
意志力
战斗力
抵抗力
接力
智力
暴力
有力
朱古力
极力
权力
杀伤力
毅力
注意力
活力
潜力
火力
无力
无能为力
王力宏
生命力
用力
尽力
眼力
竞争力
精力
耐力
听力
脑力
苦力
视力
记忆力
财力
费力
卖力
阻力
电力
马力
体力
魄力
魔力
鼎力","力挽狂澜(瀾)
他们(們)用力朝前挤(擠)，想看得清楚些。
我们們再努把力。
这這一拳力量很大。
这這种種药藥的力量大。
请請尽盡一切力量按时時完成任务務。
努力。
他不努力工作。
我会會尽盡最大努力。
对某人施加压力
对某人增加压力
时间挤碎一切事物。所有的事物都在时间的压力下慢慢变老，在时间的罅隙中遗忘。
两个篮球队实力相当。
公牛队输了！这是一场实力悬殊的比赛！
美国的实力并不在于我们拥有诺克斯堡的黄金或者大规模的杀伤性武器，而在于我们教育的本质和我们人民的品质。
巧克力。
一盒巧克力/纸(紙)巾
我没(沒)有巧克力/糖了
引力定律
万有引力不会对坠入爱河的人们负责。
地心引力是一种非常微弱的引力。
你没有足够的影响力去完成它。
这些文章没什么太大影响力。
他言辞的影响力鼓舞了人们。
一枚相当给力的炸弹
还不至于那么不给力吧
像坎耶一样不给力啊
考察某人的能力
人生是强硬的，如果你有能力嘲笑它，你就有能力享受它。
越没能力的人，越自负。
他母亲親是位魅力十足的女性。
他没有他哥哥的魅力。
我不会(會)被他的魅力所蒙(矇)骗(騙)。"
它,,它,
与,"参与
与",,"参与！
棒球就像教堂。 很多人参与，但很少人懂。
我们生来就是有魅力、清新、自然的，一定要先经过教化，才能适合参与进社会。
与與敌敵人决決一死战戰
我永远遠不会會与與政客为為友。
春季与與秋季"
长,"增长
家长
成长
漫长
长
长大
长期
长沙
长相","修长
全长
冗长
副市长
副部长
副院长
加长
助长
团长
地久天长
增长率
天长
天长地久
学长
局长
市长
师长
年长
厂长
厅长
延长
悠长
所长
拉长
擅长
会长
村长
校长
机长
深长
漫漫长夜
特长
班长
生长
省长
社长
科长
站长
细水长流
细长
组长
县长
船长
董事长
处长
行长
见长
语重心长
身长
部长
酋长
长久
长假
长出
长城
长寿
长夜
长存
长安
长官
长宁
长宁区
长岛
长年
长度
长廊
长征
长得
长成
长方形
长春
长春市
长条
长椅
长乐
长江
长治
长满
长牙
长生不老
长白山
长眠
长短
长篇
长者
长处
长裙
长裤
长谈
长跑
长辈
长途
长途车
长进
长远
长队
长靴
长颈鹿
长发
长龙
院长
队长
首长","控制人口增长長
增长(長)10%
10%的增长(長)
作为(為)家长(長)/老师(師)来(來)说(說)⋯
你有什么(麼)建议(議)要向家长(長)提吗(嗎)？
作为家长/ 老师来说…
成长(長)为(為)⋯
胚胎的成长(長)
一个(個)成长(長)中的明星
漫长的人生未必足够好，但好的人生一定足够长。
皮革整饰耗时漫长。
岁月漫长，世事如白云苍狗。
长長兄
长达8个月
我长驻伦敦
每个孩子都是艺术家, 问题是如何在长大后仍然保持是艺术家。
一天时间足以让我们长大一点儿。
当我们长大的时候，自然就相信我们真的长大了。
性格就是长期持续的习惯。
短/ 长期
当权力和长期的恐惧结合的时候才变得令人敬畏。
《战长沙》是京剧中一出著名的红净戏。
据史料记载，长沙用麻石铺路始于清雍正年间，至清光绪元年左右就不再使用了。
《战长沙》是京剧中一出著名的红净戏。
请说说他的长相。
上帝喜欢长相平凡的人，所以他创造了这么多普通人。
也可能只是因为它们长相怪异。"
把,把,把握,"一把剪子
两兩把花
把住栏欄杆"
美,"完美
美
美人
美国
美女
美好
美丽","优美
十全十美
唯美
审美
爱美
甜美
精美
美人计
美元
美化
美味
美国人
美妙
美容
美德
美感
美景
美满
美白
美眉
美瞳
美术
美貌
美金
美食
臭美
赞美","完美！
她是位完美的女主人，能使每个(個)人都参(參)与(與)到谈(談)话(話)中来(來)。
为了优秀而努力，而不是完美。
我们們的明天会會更美。
京剧劇演员員表演得真美。
穿了身儿兒新衣服，看把你美的！
美人不用传，自会有人知。
她真是个美人。
他妻子是一个倾国倾城的美人。
美国國人
美国音乐的创作方法很简单。你所要做的就是做个美国人然后创作你想要的那种音乐。
你能接受美国文化吗？
美女在观者眼中。
美女的吸引力比牛的力量还大。
她可真是个美女。
一切美好的事物都有一个尽头。
玫瑰在花蕾时比满开时更美好。
乐观主义者生活的关键在于足够傻地相信最美好的一切仍会到来。
像花儿兒一样樣美丽麗
美丽麗的人生
青春的骄傲在于力量和美丽，而老年的骄傲在于谨慎。"
相,"互相
相
相信
相册
相爱
相机
相当
相亲
真相","亮相
意气相投
照相
照相机
相互
相交
相伴
相似
相依
相传
相公
相助
相反
相同
相对
相差
相干
相待
相应
相恋
相投
相撞
相会
相望
相比
相濡以沫
相片
相当于
相称
相约
相继
相聚
相声
相处
相见
相见恨晚
相识
相貌
相逢
相连
相遇
相邻
相关
相隔
臭味相投
卖相
长相","互相
互相
互相殴(毆)打
那种種手机機样樣式太旧舊,估计計你相不上。
照炤相
您能给我们照张相吗？
相信
相信⋯
他不相信任何人。
相册
相册冊里裡黑白照片居多。
我要四处寻找，设法找到我的家庭相册。
他们彼此相爱，呼吸与共。
愿你们真心相爱，早结鸾俦。
他和她相爱了，他们觉得这幸福是命中注定的。
其他买(買)来(來)的好东(東)西还(還)包括相机(機)和玩具。
这个相机坏了。
我用相机逗乐自己。
他做这這项項工作正相当當。
这這几幾位棋手水平相当當。
昨天晚上的演出相当當精彩。
他在一次相亲中遇到了他现在妻子。
你把你这次相亲描述得太美好了，不像是真的。
他在一次相亲中遇到了他现在妻子。
我们(們)想了解真相。
毫不隐(隱)瞒(瞞)事实(實)真相⋯
她的观(觀)点(點)相当(當)接近真相。"
见,"梦见
意见
看见
见
见到
见面
遇见","一见如故
不见
不见不散
不见得
主见
偏见
再见
常见
明天见
会见
相见
相见恨晚
碰见
罕见
听见
能见度
见效
见义勇为
见解
见谅
见证
见识
见鬼
视而不见
详见
难得一见
预见","你昨晚都梦见什么了？
我常常梦见独角兽和龙。
昨晚她梦见了她的朋友们。
有意见見就提出来來。
请請你发發表一下意见見。
对對这這个個计計划劃大家还還有什么麼意见見？
你看见見过過瀑布吗嗎？
黑暗中我看见見一个個人影。
看见(見)某人/某事
我下午见見校长長。
汽油见見火就着著。
见見效
你见到谁了？
见到你太好了
我还没见到她。
男人和女人在除非他们愿意或者合适见面，在这之前什么是青春？
永别了！天知道我们什么时候还能再见面。
您愿意和我再见面吗？
遇见老公之前，我可从未坠入爱河。只不过弄湿过几次脚而已。
我碰巧遇见見他。
我从未遇见过这样的情况。"
被,被,"被子
被窝","他被哥哥打了一顿頓。
他被跟踪蹤了。
被灾災"
利,"利
利用
利益
胜利
大吉大利
意大利
战利品
权利
福利
顺利","不利
亨利
便利
利事
利刃
利器
利害
利尿
利己
利市
利弊
利息
利于
利是
利比亚
利润
利物浦
利率
利禄
利索
利落
利马
功利
胜利者
势利
匈牙利
吉利
名利
哈利
多利
失利
奥利奥
奥地利
安利
专利
急功近利
意大利人
意大利面
叙利亚
智利
暴利
有利
比利
比利时
水利
法拉利
流利
净利润
澳大利亚
犀利
获利
玛利亚
盈利
福利院
维多利亚
自私自利
复利
返利
锋利
飞利浦
高利贷
麻利","开(開)头(頭)顺(順)利/开(開)头(頭)不顺(順)利
随(隨)着(著)对(對)话(話)的进(進)行进(進)展变(變)得更加顺(順)利。
新政策弊大于利。
利用
合理利用自然资資源
你甭想利用我,我没沒那么麼幼稚。
增进(進)自己/某人的利益
他们(們)将(將)保护(護)成员(員)的利益。
利益大于名声。
相信胜利的人才会胜利。
胜利属于最坚强不屈的人。
听说胜利到来的那天就好了吧？我说输了也好，在他们赢了战争的同时精神上也输了。
大吉大利。
喜鹊枝头叫，真是大吉大利啊！
喜鹊枝头叫，真是大吉大利啊！
去巴黎/意大利
我很愿(願)意去意大利
这(這)是意大利的某个(個)地方
他的战利品放在壁炉架上。
政客们带着他们的战利品冲向机场。
你们夺走了卡辛努的一件贵重的战利品
我不同意你说的话，但是我愿意誓死捍卫你说话的权利。
把我自己的权利是无价的。
懦夫不能表露爱意，那是勇者的权利。
你们們公司的福利好吗嗎？
我最不信任的人就是那些想要为大家谋福利，但却只有一个行动方针的人。
有哪些福利？
一事成功，百事顺利。
恭维的话能够让事情更加顺利。
在小事上留心，大事才能顺利。"
什,"什么
为什么","干什么
没什么
什么样","什么？
你要什么麼？
我什么麼都不怕。
为什么这么做？
你看到已经存在的事物，问‘为什么如此呢?' 但我却梦想从未有过的事物；并问，“为什么不能呢?”
为什么吸毒者和电脑爱好者都被称为用户？"
二,"二
十二
第二","一石二鸟
二十
二十多
二哥
二奶
二手
二手房
二月
二百五
二胡
二郎神
二郎腿
初二
十二月
大二
接二连三
星期二
独一无二
老二
周二","二月
二/三等点(點)五
他们(們)占(佔)了差不多三分之二的人口
一年有十二个月。
鲍勃的生日是十二月八日。
人民公园每晚十二点静园。
小说說的第二回
她刚生了第二个孩子
所有行为都会带来后果, 这是人生第一条定律。而第二条就是你是唯一对其负责的人。"
等,等,"平等
等到
等待
等于
等等
等级","这這等人
等她来了,我们們再讨討论論。
我喜欢歡足球、篮籃球、排球等三项項运運动動。"
产,"国产
地产
房地产
特产
生产
产品
产业
产生
破产
财产
资产
遗产","中产
停产
倾家荡产
共产主义
共产党
共产党人
出产
剖腹产
土特产
妇产科
家产
房产
房产证
投产
日产
早产
水产
流产
生产力
生产线
生产队
产
产下
产值
产假
产前
产区
产地
产妇
产后
产房
产业化
产业链
产检
产权
产物
产能
产量
盛产
矿产
临产
农产品
难产
高产","
经經营營地产產开開发發
这家公司做地产买卖。
这块地产最早可追溯到11世纪。
我想投资房地产。
房地产是一种好的投资吗？
摩根士丹利房地产基金将持有约10%的股份。
这个地方特产是什么？
盖柿是北京的特产之一。
葡萄干是新疆一带的特产。
艺术家是生产人们不需要拥有的东西的人。
我们还未生产出新材料。
你们厂一年有多大的生产能力？
您要看看新产品吗？
智慧不是学校的产品，而是一生追求才能获得。
不要食用三无产品。
产业资本继续滑落。
她是万豪产业的唯一继承人。
那些产业受工会的管理。
绅士的产生始于教育，完成于交际。
骄傲是由自己对自己过高的评价而产生的愉悦。
财富为奢侈与怠惰之母，贫穷为卑鄙为邪恶之母，二者都同样会产生不满情绪。
宣告破产(產)
他破产了，身无分文。
一个国家不能申请破产。
最好的想法是共有的财产。
财产越多，忧虑越多。
男人最宝贵的财产是就是一个支持他的妻子。
你能算出这个公司的资产净值吗？
他的资产估计有45亿美元。
特殊的土地资产都有征税。
母亲死后没有留给他们任何遗产。
没有一笔遗产能像诚实一样丰厚。
父亲的美德是留给孩子的最好的遗产。"
或,或,"或是
或者
或许","到下周週或可完成任务務。
今天或明天，这這份功课課我一定得完成。
无無论論刮颳风風或下雨，他都准準时時上班。"
机,"司机
手机
机场
机会
机遇
飞机","主机
乘机
停机
先机
动机
危机
取款机
吹风机
商机
契机
座机
待机
心机
战机
战斗机
打印机
打火机
投机
拖拉机
接机
摄像机
搅拌机
收音机
时机
有机
机
机制
机动
机动车
机器
机器人
机房
机敏
机智
机械
机构
机油
机率
机票
机缘
机能
机身
机车
机长
机关
机灵
机体
死机
洗衣机
照相机
玄机
班机
生机
登机
登机口
登机牌
发动机
直升机
相机
耳机
良机
计算机
趁机
转机
游戏机
开机
关机
随机
电视机
飞机场
饮水机","司机
把优(優)惠券打印出来，拿给(給)公共车(車)司机(機)看。
笨蛋和他的司机想法不一样。
我不赞(贊)成儿(兒)童用手机(機)。
如今许(許)多学(學)童都有自己的手机(機)。
我没沒有手机機。
该去机场了。
他们正驶向机场。
到机场多长时间？
机会
""你越是了解世界，就越有机会嘲笑它。""
命运不是一种机会，而是一种选择，它不是用来等待的，而是拼搏去获得的。
聪明的人能将机遇变成好运。
是选择，而不是机遇决定了你的命运。
大的机遇往往会出现在那些制造了很多小机会的人的身上。
撞车/ 飞机失事
他不喜欢坐飞机
能带上飞机吗？"
十,"三十
十
十二
十分","七十
二十
二十多
五十
八十
六十
十一
十七
十三
十九
十二月
十五
十全十美
十八
十六
十四
十字
十字绣
十几
十月
十万
十足
四十
年三十","二十不俊一生丑,三十不强一生弱,四十不富一生穷,五十不智一生愚。
对于一个想要教学的人来讲，这近三十个不想学习的人, 太多了。
我三十刚出头。
十月
不十分相同
棒球运动是百分之十的心理。剩下的百分之十是身体。
一年有十二个月。
鲍勃的生日是十二月八日。
人民公园每晚十二点静园。
我十分满滿意。
不十分相同
不十分相同"
民,"人民
人民币
公民
市民
民主
民族","人民网
全民
周渝民
回民
国民
国民党
国泰民安
居民
平民
村民
民
民俗
民国
民居
民工
民心
民意
民歌
民营
民生
民众
民航
民谣
民警
民进党
民间
渔民
牧民
移民
网民
股民
亲民
农民
农民工
游民
选民","为為人民服务務
英国國人民
为了人民我不能那么做。
收人民币吗？
这件衣服售价10000元人民币。
那条裙子要几百块人民币。
如果我的相对论被证明是正确的，那德国人就会宣称我是个德国人，法国佬就会说我是这世界的一个公民。
他是法国公民。
我不是雅典人，也不是希腊人，而是这世界的一个公民。
荣榮誉譽市民
市民会支持他们相信的东西。
现在的市民都喜欢食用无公害蔬菜。
民主的爱是平等。
民主国家的基础是自由。
有人说民主制度是除了其他所有曾经尝试过的政府形式外最坏的。
少数數民族
中美洲的土著民族
从对待动物的态度可以判断一个民族是否伟大，道德是否进步。"
第,"第
第一","第二
第五","得第3名等
转(轉)至第10页(頁)
法国(國)和英国(國)分别(別)名列第3和第4
成就大业，自信是第一位的。
第一/ 二挡
第一/ 二/ 三人称"
公,"公主
公交
公司
公园
公寓
公民
公路
公里
老公
办公室","不公
主人公
公
公事
公交车
公仔
公布
公元
公公
公共
公分
公务员
公告
公婆
公子
公安
公安局
公安部
公家
公平
公厕
公式
公敌
公斤
公会
公款
公正
公然
公牛
公益
公众
公认
公猪
公费
公车
公道
公开
公开赛
公关
公鸡
公馆
分公司
外公
天公
平方公里
济公
相公
蒲公英
办公
办公楼
阿公","我的狗听到叫“公主”就会答应。
我要是公主，就要一座粉色的宫殿。
从前，这里住着一位美丽的公主。
公交是城市的窗口。
在公交车(車)站
在公交车站
进進出口公司
受雇(僱)于(於)某公司/某人的公司
公司授权她代表公司发言。
我们們一起去公园園吧。
我们去公园溜溜狗吧。
他们在公园集合。
公寓
带(帶)家具的公寓
我买(買)了一套公寓作为(為)投资(資)。
如果我的相对论被证明是正确的，那德国人就会宣称我是个德国人，法国佬就会说我是这世界的一个公民。
他是法国公民。
我不是雅典人，也不是希腊人，而是这世界的一个公民。
公路专(專)用三轮(輪)车(車)
卡车(車)在五号(號)公路上西行。
汽车(車)在M25公路上向东行驶(駛)。
以时(時)速70公里
每小时(時)100公里
面积(積)50平方公里
遇见老公之前，我可从未坠入爱河。只不过弄湿过几次脚而已。
那个宝宝像你老公。
她老公容貌俊秀，风流倜傥。
办公室
请您告诉他们如何到我的办公室，好吗？
我在找办公室。"
此,"如此
此","因此
彼此
从此
此刻
此外
此时
特此","人生如此美好！
他的态態度竟如此恶惡劣。
听聽说說要放10天假。 —但愿願如此。
此路不通
此消彼长。
他对此很机敏。"
已,"已
已经",而已,"死而后後已
大会會已于於昨日闭閉幕。
前期工作已准準备備完毕畢。
已经經到深秋了。
已经够热/ 难的了
不要轻视那些已经死去的勇士，我们应该记得他们生前英勇的行为。"
工,"员工
工作
工资","人工
做工
分工
加工
化工
完工
工
工人
工作室
工作日
工作服
工作者
工作量
工伤
工具
工商
工地
工夫
工厂
工时
工会
工业
工程
工程师
工艺
工艺品
工行
手工
打工
收工
放工
施工
民工
清洁工
特工
理工
罢工
义工
职工
临时工
苦工
农民工
开工","公司雇用了更多员工。
他为他的员工们操心。
员工被要求无偿工作。
我想找份好工作。
他做任何工作都很尽盡力。
编編译譯字典不是一件简簡单單的工作。
工资(資)低微。
工资低微。
工资多少钱？"
使,"使
使用
即使
天使","使劲
使命
使得
纵使","他不会會使电電脑腦。
他使父母失望了。
电電子词詞典很好使。
我使用宽寬带帶上网網。
使用说說明
在使用中/ 停止使用
即使
即使分手了,他们們还還是朋友。
即使他不来來,我们們也照样樣干幹。
谈论一个天使，天使就会出现。
借的时候像天使，还的时候是像魔鬼。
天使皆为之却步而傻瓜确横冲直撞。"
情,"事情
心情
情
爱情
感情","人情
传情
剧情
友情
同情
多情
心甘情愿
性情
情人
情人节
情侣
情商
情意
情感
情怀
情景
情书
情歌
情况
情节
情绪
情缘
情谊
情调
情愿
恋情
深情
温情
激情
无情
热情
留情
尽情
真情
知情
矫情
纯情
行情
表情
亲情
详情
钟情
风情","他公司事情很多。
事情不会會这這么麼简簡单單。
把事情做好
这這几幾天我心情不好。
心情不好
她心情很好！
热熱情
正在发(發)情
向某人调(調)情
爱情嘲笑距离。
爱情嘲笑锁匠。
爱情能战胜死亡。
他们們感情一直没沒变變。
感情不外露
伤(傷)害某人的感情"
并,"并
并不
并且","一并
并肩
合并","相提并並论論
齐齊头頭并並进進
把脚腳并並起来來
什么也不说的人，并不沉默。
只是因为你眼盲，看不到我的美丽，并不代表它不存在。
没事可做并不快乐，有趣的是有很多事要做而不是做很多事。
我只知道一种鸟——鹦鹉——会说话；并且它飞不了很高。
没有人真正听别人的。并且如果你试一会儿，就知道为什么了。
DOS是丑陋的，并且干扰用户体验。"
物,"事物
人物
动物
宠物
植物
物
物质
生物
礼物
购物
食物","价廉物美
利物浦
动物园
动物性
化合物
博物院
博物馆
吉祥物
实物
宝物
尤物
废物
建筑物
微生物
怪物
文物
景物
植物人
植物园
植物油
混合物
无物
物以类聚
物件
物价
物品
物业
物欲
物流
物理
物种
物美价廉
物色
物资
物体
猎物
生物钟
产物
矿物
矿物质
谷物
致癌物
旧物
万物
药物
衣物
读物
财物
货物
购物券
购物袋
购物车
身外之物
重物
杂物
饰物","接受某事物
和某事物类(類)似
怀(懷)恋(戀)某事物
他是一位有世界影响響的领領袖人物。
这這部小说說塑造了100多个個人物。
重要人物
人类是在动物之中唯一一种不仅仅满足于满足动物欲望的动物。
男人是一种驯养动物，如果坚信他，可以训练他做大多数事情。
人类是唯一一种给过之后欲望增加的动物，也是唯一一种从不满足的动物。
我有宠物。
你养宠物了吗？
我有只宠物狗。
草本植物
动/ 植物王国
我会去照看教室里的植物。
像某物/某人
拆卸某物
快用完某物
用某物处(處)理某种(種)物质(質)/材料
两个灵魂的相遇就像两种化学物质的接触，一丁点的反应就会彻底改变它们。
""水是日常饮食中最容易被忽视的营养物质，但它是必不可少的物质之一。""
生物
生物
火星上有生物吗(嗎)？
要提防送你礼物的人。
棒球是上天赐给凡人的礼物。
自负是上帝送给小男人的礼物。
购物车在哪儿？
在购物中心旁边有。
我们去城里购物吧。
食物都没(沒)了
食物都没了
嚼不了食物。"
手,"分手
手
手机","一手
上手
下手
二手
二手房
人手
伸手
凶手
入手
出手
到手
助手
动手
右手
射手
射手座
对手
左手
帮手
手下
手册
手动
手势
手套
手工
手心
手指
手掌
手提包
手段
手气
手法
手稿
手续
手续费
手腕
手脚
手臂
手艺
手术
手表
手链
手镯
手头
把手
拉手
招手
拿手
握手
挥手
携手
放手
新手
枪手
歌手
杀手
洗手
牵手
联手
能手
举手
举手投足
着手
亲手
选手
随手
顺手
高手","同某人分手
同某人分手
(与(與)某人)分手
暖暖手/脚(腳)
手很灵(靈)巧
割破手/膝盖(蓋)
我不赞(贊)成儿(兒)童用手机(機)。
如今许(許)多学(學)童都有自己的手机(機)。
我没沒有手机機。"
应,"一呼百应
反应
应
应用
应该
答应
适应","供应
供应商
呼应
回应
报应
对应
得心应手
感应
应付
应对
应急
应景
应有尽有
应当
应聘
应聘者
应试
应变
应酬
应验
效应
相应
响应
顺应","人们一呼百应, 纷纷捐款。
服务水准热情体贴，可以用一呼百应来形容。
这這孩子反应應很快。
观觀众眾对對这這部影片的反应應不一。
上级級对對我们們的意见見很快有了反应應。
他们們的要求，你应應了吗嗎？
我朝屋子里裡喊了两兩声聲，没沒人应應。
应應顾顧客需要，我们們增开開了两兩家分店。
没有应用科学这种东西，只有科学的应用。
通过电脑科学的应用，变革已经发生了。
只有成功率在99%以上的技术才能被广泛应用。
过去的悲伤应该只属于过去。
有些书是不应该忘记的，但没有不应该记住的书。
这世界上唯一的恶魔是萦绕在我们内心的，是我们应该与之战斗的。
我答应應借他钱錢。
他想了一会(會)儿(兒)之后(後)答应(應)了。
我答应(應)会(會)将(將)钱(錢)给(給)她送去的。
生活是不公平的；要去适应它。
使自己适应某事
适应力不是模仿。而是意味着反抗和同化的力量。"
战,"作战
大战
战
战利品
战争
战斗
挑战","二战
备战
冷战
奋战
好战
实战
征战
战功
战胜
战友
战国
战地
战场
战士
战役
战战兢兢
战机
战况
战无不胜
战略
战术
战车
战马
战斗力
战斗机
抗战
枪战
决战
空战
背水一战
舌战
血战
论战
转战
迎战
连战
开战","他在战(戰)争(爭)中作战(戰)。
他在战争中作战。
他们徒手作战。
我们要打一场打击盗版的大战。
这场价格大战，两家公司都不是真正的赢家。
第一次世界大战戰
在战(戰)争(爭)期间(間)许(許)多战(戰)士阵(陣)亡了。
生活的目的是为了完善而战。
一场贸易/ 价格战
他的战利品放在壁炉架上。
政客们带着他们的战利品冲向机场。
你们夺走了卡辛努的一件贵重的战利品
幸好战争是如此可怕——否则我们会太喜欢它。
战争的结果在我们手中；讨论的结果在会议中。
一般人都对战争和展览的失败害怕的要死，因为有钱人--不想买任何东西。

面临臨新挑战戰
挑战戰体體能极限
迎接挑战(戰)"
向,"向
方向","一向
倾向
内向
向上
向下
向来
向前
向右
向日葵
向往
走向
转向
面向
风向","我的卧臥室向东東。
我向他表示了感谢謝。
老先生对對考古学學向有研究。
你要朝那个個方向走。
他们們在森林里裡迷失了方向。
方向正确(確)"
头,"回头
年头
抬头
枕头
洗头
尽头
石头
码头
街头
镜头
头
头像
头晕
头疼
头痛
头脑
头发","一头雾水
上头
丫头
乳头
二锅头
人头
人头马
仰头
低头
个头
偏头痛
兆头
光头
出人头地
出头
到头来
剃头
前头
劲头
势头
包头
口头
口头禅
噱头
埋头
外头
多头
对头
山头
崭露头角
巨头
带头
平头
床头
床头柜
后头
从头
从头到尾
彻头彻尾
心头
念头
手指头
手头
扭头
抱头痛哭
拳头
指头
掉头
接头
插头
摇头
摄像头
日头
晕头转向
木头
梳头
桥头
水龙头
汕头
源头
满头大汗
无厘头
焦头烂额
烟头
片头
狮子头
猎头
白头
白头偕老
白头到老
盼头
眉头
看头
碰头
磕头
砖头
秃头
空头
箭头
罐头
老头
老头儿
老头子
临头
舌头
芋头
蓬头垢面
行头
里头
调头
猪头
猫头鹰
起头
跟头
转头
过头
重头戏
钟头
开头
关头
头一
头上
头儿
头大
头昏
头昏脑胀
头条
头版
头皮
头盔
头破血流
头等
头等舱
头绪
头部
头衔
头顶
头头
头颅
头饰
额头
风头
馒头
骨头
鱼头
点头
龙头","回头
你先休息,回头頭我再找你吃晚饭飯。
回头頭见見。



请先给我洗头。
我要洗头。
你洗头了吗？
一切美好的事物都有一个尽头。
在街的尽头
别担心你的人生会有尽头，人生没有开始才是可怕的。
有棱的石头碰上了石匠的凿子。
狗对石头生气，而不对扔石头的人生气。
住在玻璃房子里的人不该扔石头。
很多人都是在他的船即将来到之前就转身离开码头了。
我们打算坐长途车去码头。
船靠近了码头的墙。
我以前常在街头(頭)卖(賣)艺(藝)，但警察总(總)是命令我走开(開)。
他们在街头偶然相遇。
他一个月都露宿街头。
这个镜头还不够完美。
不要变得过分沉浸在镜头前。
这几个镜头是俯摄的。
给个鸡蛋得头牛。
律师的房子建是蠢人的头上。
冬天在我头上，而春天却永远在我心中。
带有毛主席头像的纪念章现在已经很难找到了。
戴帽子的农民头像
带有毛主席头像的纪念章现在已经很难找到了。
啊，我头晕。
我经常头晕。
她感到头晕。
我从昨天起就一直头疼。
这一经历让他很头疼。
我早上起来时有点头疼。
是件令某人头痛的事
他易患严重的偏头痛。
他的头痛几周后复发了。
如此多的头脑，如此多的智慧。
虚弱的身体会削弱头脑。
有头脑的人知道他一个人可以战胜十个没有头脑而且不懂这道理的人。
头发也有影子。
产生智慧的不是白头发。
抓住机会的胡子，因为它的后面没有头发。"
文,"中文
博文
原文
文
文化
文字
文章
文艺
英文","一文不值
三文鱼
人文
作文
天文
天文馆
散文
文人
文件
文具
文学
文凭
文摘
文昌
文明
文本
文档
文物
文献
文盲
文科
文笔
文采
文静
文革
斯文
日文
本文
蔡英文
语文
论文
达尔文
铭文
韩文","中文
中文
学學中文
再见了！我的博文广告！
博文, 用视频推广数字馆藏
等着跟我商讨把博文整理成书的事情。
译譯文必须須忠实實于於原文的主旨。
他的记忆力真是太好了，默写的内容与原文毫分不差。
译文必须忠实于原文的主旨。
这周末交作文。
这這些规規定必须須成文。
他改正了文中的错錯字。
他们們的文化生活很丰豐富。
在文化程度最低之处，你总能找到情绪最强烈的仇恨。
你能接受美国文化吗？
文字排版的最后(後)期限
沉默是一段很容易被误读的文字。
艺术的艺术，表达的荣耀，文字的光芒，是很单纯的。
文章
文章
你看了格雷教授的文章了吗(嗎)？
这所大学有很多文艺社团。
这名诗人出生在文艺复兴时代。
我们要分清楚文艺作品中香花与毒草。
学(學)习(習)英文单(單)词(詞)真是难(難)死人了
有英文菜单吗？
我有本袖珍英文字典。"
体,"身体
体验","一体
主体
五体投地
人体
个体
全体
具体
团体
多媒体
大体
媒体
字体
实体
尸体
得体
扁桃体
抗体
整体
机体
气体
液体
物体
立体
总体
群体
肉体
肢体
裸体
躯体
载体
连体
遍体鳞伤
遗体
集体
体
体内
体制
体力
体味
体型
体坛
体操
体会
体检
体温
体现
体积
体系
体育
体育场
体育馆
体能
体肤
体谅
体贴
体质
体重
体面
体魄","身体(體)健康/不好
我确定一件事，身体不是治愈的方法——平静才是。
眼泪对于心灵犹如香皂对于身体。
DOS是丑陋的，并且干扰用户体验。
真爱是一种永远自我扩张的体验。
体验馆在哪儿?"
政,"政府
政治
政策","执政
执政党
家政
市政
市政府
市政厅
廉政
政
政务
政协
政委
政客
政局
政权
政治家
政治局
政法
政绩
政要
政党
新政
行政
财政
财政部
邮政
邮政局
党政","政府
政府
里根/ 克林顿政府
在政治/经(經)济(濟)方面
政治和运(運)动(動)互不相容
有政治/健康意识(識)
他们(們)的移民政策是什么(麼)？
将计划/ 政策付诸实施
他们对核试验的政策是什么？"
也,也,也许,"也
我也是名律师師。
他也去过過中国國。"
你,你,你们,"你是我最好的朋友。
如果你表明你喜欢的人,他们很难不反过来喜欢你。
如果你想让你的人生有更多的收获，你需要改变你思考的方式。"
对,"对
对方
绝对
面对","反对
对不起
对付
对外
对待
对应
对手
对抗
对于
对比
对决
对白
对策
对联
对号
对视
对话
对象
对阵
对面
应对
派对
相对
配对
针对","对對准準目标標
河对對岸
他对對着著她咯咯笑。
埃米跪下身子，这样他们可以平视对方。
永远不要动怒，不要威胁对方，以理服人。
有时候衡量友谊不是你能不去伤害对方，而是你能够包容和原谅对方的过错并且让他原谅你的错误。
我绝对不觉得科学已经解释了所有事情。
绝对不该听那些花的话，就只看看它们闻闻花香就行了。
权力导致腐败，绝对的权力导致绝对的腐败。
我们們要勇于於面对對任何困难難。
面对對失败敗,他毫不气氣馁餒。
与(與)⋯面对(對)面"
生,"人生
先生
女生
学生
生
生命
生日
生活
发生","一生
一生一世
三生有幸
今生
来生
再生
出生
大学生
天生
学生会
学生证
小学生
新生
民生
活生生
生动
生化
生子
生存
生怕
生意
生态
生成
生机
生死
生气
生涯
生物
生物钟
生理
生产
生病
生肖
生育
生菜
生姜
生长
产生
男生
留学生
畜生
毕业生
众生
研究生
终生
维生素
考生
花生
卫生
卫生巾
卫生间
亲生
计生
诞生
逃生
医生
重生
野生
陌生
陌生人
养生
高中生","有多少人在读书中标注过他人生的新时代。
忧虑使人生白发。
人生是一段回家的航程。
先生，请放下小桌板。
女士们，先生们，请就座。
先生初度，理当来贺。
那所学校只招收女生。
我们学校的女生要求佩戴领花。
我们班的所有女生都喜欢去那里。
无论是谁结束了学生生涯，就不再是学生了。
学生打折吗？
只有5%的学生回答正确。
这這个個句子是生凑湊的。
生火
生孩子
挽救生命
生命科学學
与(與)生命抗争(爭)
生日
你生日时(時)得到了什么(麼)礼(禮)物？
咱(偺)们(們)得好好过(過)过(過)你的生日
没沒有水,人就不能生活。
他从從小和祖母一起生活。
日常生活
事情往往是你希望它发生就发生了，而且对它的希望和信任促使它的发生。
如果…发生
这是怎么发生的？"
能,能,"功能
可能
技能
智能
能力
能否
能够
能干
能量","我能照顾顧好自己。
无無才无無能
我能不能借支笔(筆)？"
而,而,"反而
因而
从而
然而
而且
而已","由始而终終
浓濃而不烈
夺奪门門而逃"
子,"儿子
女子
妻子
子
孩子
房子
日子
样子
狮子
狮子座
王子
男子
老子
肚子
脑子
辈子
双子
鞋子
饺子
鼻子","一下子
一辈子
一阵子
上辈子
下辈子
丸子
仙子
份子
分子
位子
例子
个子
傻子
兔子
公子
凳子
刀子
刷子
勺子
包子
包饺子
半辈子
卷子
口子
句子
君子
呆子
呢子
单子
嗓子
因子
圈子
圆子
夜猫子
大肚子
天子
太子
夹子
妮子
妹子
侄子
娃子
婊子
嫂子
娘子
子女
子孙
子宫
子弹
孔子
孩子们
孩子气
孙子
学子
家子
小伙子
小子
屋子
帖子
帽子
弟子
影子
性子
扇子
才子
才子佳人
拉肚子
曲子
月子
本子
村子
杯子
林子
果子
架子
柚子
柱子
柿子
栗子
格子
桃子
桌子
桔子
梅子
梨子
梯子
棋子
棍子
棒子
椅子
椰子
榛子
乐子
橘子
橙子
柜子
段子
母子
毯子
沙子
浪子
汉子
燕子
爪子
父子
片子
牌子
猴子
瓜子
瓶子
生子
男子汉
痞子
疯子
瘦子
皇子
盒子
盘子
看样子
瞎子
种子
稿子
窗子
童子
竹子
笛子
筷子
箱子
笼子
粽子
精子
团子
绳子
罐子
老妈子
老样子
老头子
耗子
肚子痛
胖子
脖子
肠子
胆子
茄子
叶子
盖子
莲子
蚊子
虫子
蝎子
袋子
袖子
被子
裙子
裤子
袜子
亲子
豆子
豹子
贩子
赤子
身子
车子
轮子
辣子
辫子
游子
金子
钉子
扣子
银子
锤子
链子
镜子
院子
阵子
双子座
电子
电子书
面子
靴子
鞭子
领子
风信子
饿肚子
馆子
骗子
骡子
骨子
骰子
胡子
鬼子
鸭子
鸽子
点子","
一位身穿蓝(藍)衣的高个(個)女子
一位女子进(進)来(來)，紧(緊)挨她坐下。
一位身穿白色衣服的女子朝我走来(來)。


她出去工作，而他则(則)在家照顾(顧)孩子。
母亲比父亲更亲近他们的孩子，因为她们更加能确定孩子是自己的。
养十个孩子比养十个孩子一个老人轻松。
你们(們)自己粉刷了房子?
律师的房子建是蠢人的头上。
住在玻璃房子里的人不该扔石头。
近些日子,你都忙什么麼呢？
老百姓的日子越来來越好了。
使某人日子不好过(過)
扣子的样子不对。
装出惊讶/ 无辜的样子
看它/ 他的样子就不舒服
不要唤醒沉睡的狮子。
不要在家里像狮子一样。
一条活狗也比一头死狮子好。
我是巨蟹座，弟弟是狮子座。
我是巨蟹座，弟弟是狮子座。
你是狮子座吗？
王子将(將)礼(禮)物赠(贈)予到访(訪)客人。
威尔士王子
王子反对国王。
一个(個)6英尺多高的男子
我们(們)在悉尼遇到的那个(個)男子
这(這)些男子们(們)被靠墙(牆)排成排。
老子才不怕老板闆呢。
他和他老子一样(樣)
他和他老子一样

我宁愿我的脑子在野外爆裂，也不愿带着恐惧等在屠宰场里。
如果看不到它的脑子在哪里，就不要相信会独立思考的任何东西。
动动脑子。
他这辈子就是不喜欢工作.
他希望这辈子能有享不尽的荣华富贵。
由于祖业丰厚，他这辈子可以衣食无忧了。
双子瀑布位于爱达荷州。
双子瀑布位于爱达荷州。
东京双子花园右翼
你这双鞋子是多少钱买的？
配以合适(適)的鞋子
穿破鞋子比磨破床单好。
你把饺子都放在盖帘里。
妈妈将面作成剂子，准备包饺子。
如果你还有中式饺子的话，我想尝一尝！
(对(對)某事)皱(皺)鼻子
拳打某人的鼻子/眼睛
她把鼻子紧(緊)贴(貼)在窗户(戶)上。"
那,"那
那么","那些
那个
那时
那样
那里","那楼樓是去年建的。
你想买買,那就买買吧。
他这這也想学學,那也想学學。
你别別那么麼想。
你不该該那么麼相信他。
再有那么麼七八个個就够夠了。"
得,"得
得到
获得
觉得","不得不
不得了
值得
取得
得意
得瑟
得知
心得
懂得
舍得
晓得
记得
变得
赢得
难得
显得","她抬得动動。
三三得九。
风風大得很。
得到一张張唱片
他得到了一次出国國的机機会會。
得到提拔
命运不是一种机会，而是一种选择，它不是用来等待的，而是拼搏去获得的。
礼貌不费分文却能获得一切。
想从生活中获得你想要的东西的第一步是决定你想要什么。
我觉得一个玩弄女人心的男人不是一个好男人。那通常是有比旁人想象得更苦的遭遇的。
仿佛觉得…
我觉得你真笨！"
于,"于
对于
属于
于是
终于
关于","不至于
以至于
低于
来源于
出于
勇于
善于
在于
基于
大于
急于
敢于
有助于
源于
由于
相当于
等于
至于
莫过于
处于
过于
鉴于
高于","求助于於朋友
乐樂于於助人
问問道于於盲
对于嗅觉，几乎比其它感觉更能唤起记忆，只可惜你很少利用它。
眼泪对于心灵犹如香皂对于身体。
对于慷慨大方，最重的债务就是对不用我们自己偿债务的感恩。
如果我们没有和平，那是因为我们忘记了我们是属于彼此的。
过去的悲伤应该只属于过去。
财富并不属于拥有的人，而是属于享用的人。
他十分害怕，于是便跑开了。
双方进行了详细的讨论，于是达成了协议。
他不想惊醒她，于是蹑手蹑脚地悄悄走到自己的卧室。
终于！
谢谢您。终于到了。
噢，我们终于完成了！
幽默总是以一些事实为基础的。听过一个关于岳父的笑话吧？
他曾听人轻蔑地说过关于钱，他想知道这些人是否试过不花任何钱。
征求某人关于某事的意见"
着,着,"执着
接着
睡着
着实
着急
走着瞧
随着","木炭着著了。
衣食无無着著
小心着著凉涼。"
下,"一下
下
下午
下载
天下","一下子
上下
下来
下去
下手
下班
下车
下辈子
下酒
下降
下雨
下雪
下面
之下
以下
倒下
剩下
地下
如下
写下
底下
拿下
接下来
放下
旗下
楼下
留下
当下
落下
许下
躺下
这下
乡下
零下","我去问問一下。
天一下就冷了。
按一下鼠标(標)
拍了几幾下
下猪豬崽
拧擰了两兩下
我会(會)一直呆到下午5点(點)30分
下午知道上午从没怀疑过的事情。
下午1点15分。
两个程序可独立下载。
我刚才已下载了你们的指南。
请下载正版的这种软件。
君子之于天下也，无适也，无莫也，义之与比。
大白于天下
虽然我们可能会快乐地在宫殿中漫步，但是天下没有比家更好的地方，尽管它是这样的简陋。"
自,"来自
自
自己","出自
各自
大自然
独自
发自
自主
自作
自信
自个儿
自制
自助
自助餐
自动
自卑
自古
自在
自家
自尊
自从
自恋
自我
自拔
自欺欺人
自杀
自然
自由
自私
自称
自行
自行车
自觉
自豪
自责
自身
亲自
顺其自然","青年志愿者们都来自不同的国家。
风险来自于你不知道自己在做什么。
公正不是来自外界，而是来自内心的平静。
他这這样樣做自有一番用意。
自作自受
自在点(點)
自己
自己
我能够夠照顾顧好自己。"
之,"之
之前
之后","一臂之力
三分之一
不败之地
久而久之
之一
之上
之下
之中
之内
之外
之所以
之间
之际
之类
持之以恒
挥之不去
总之","世界之大,无無奇不有。
父母之爱愛
爱愛国國之心
项項目结結束之前,每个個人压壓力都很大。
我会在25岁之前死去，在那之前我会按照我想要的方式去生活。
在别人嘲笑你之前，要先自嘲。
之后。
看完电電影之后後,他们們去了附近的一家餐馆館。
权衡考虑之后再去冒险。"
年,"今年
年
拜年
新年
龙年","兔年
去年
少年
年代
年夜
年夜饭
年年
年底
年度
年会
年纪
年级
年终
年华
年货
年轻
年头
年龄
明年
更年期
当年
童年
周年
过年
青年","今年
今年
今年年底我父亲親就要退休了。
年过過半百
年复(復)一年
日复(復)一日/年复(復)一年
每到春节，我的那位旧知总要来给我拜年。
过年的第一天，他起得绝早，去爷爷家拜年。
晚辈给长辈拜年是常礼。
新年
祝愿(願)某人新年快乐(樂)
新年新气象。
龙年代表着财运和兴盛。
图表显示龙年出生率的暴增。
在今年龙年，我制作了一个加入新词的新版本。"
过,"不过
超过
过
过去
过年","太过
度过
放过
经过
罪过
莫过于
路过
通过
过来
过分
过客
过度
过往
过敏
过于
过瘾
过程
过节
过头
错过
难过","不过過是点點小伤傷。
宝寶宝寶不过過6个個月大。
这這是最简簡单單不过過的方法。
超过(過)我们(們)的需要
未满(滿)/超过(過)承诺(諾)年龄(齡)
我们(們)跟在一辆(輛)拖拉机(機)后(後)面，没(沒)法超过(過)。
将將功补補过過
过過账賬
你假期怎么麼过過的？
过去的悲伤应该只属于过去。
只回溯过去的是很差的记忆。
这是一个进入商业领域的绝好时间，因为在未来10年中商业的变化要超过过去50年的。
过年
眼看就要过年了，请你务要及时回家！
我家的锅灶只在过年的几天用，平时一直闲着。"
发,"出发
恭喜发财
发
发布
发展
发现
发生
发表
发起
转发
头发","假发
卷发
启发
大润发
引发
打发
批发
散发
染发
沙发
洗发水
激发
爆发
理发
理发师
理发店
发布会
发作
发光
发冷
发出
发动
发动机
发呆
发售
发帖
发怒
发愁
发抖
发掘
发挥
发放
发明
发条
发泄
发火
发炎
发热
发烧
发疯
发票
发红
发给
发声
发育
发胖
发脾气
发自
发芽
发行
发觉
发言
发言人
发誓
发财
发货
发送
发达
发酵
发霉
发音
发飙
白发
研发
秀发
突发
美发
脱发
补发
越发
金发
长发
开发
开发商
颁发
首发
发型
发型师","出发
从從实實际際出发發
一早出发(發)
恭喜发财！
恭喜发财
恭喜发财
发發家
发發面
发發掘
整点发布命令。
我通过无线电发布新闻。
我的新书12月15日正式发布。
按计划进行/ 发展
近年来，我国的服务业飞速发展。
时代在发展，大清朝运数尽了。
发现
我们总是更渴望那些我们没有的才能被发现，而不是被赞赏已经拥有的十五种能力。
我发现一个悖论，假如你爱至成伤，你会发现伤没有了，只有更多的爱。
事情往往是你希望它发生就发生了，而且对它的希望和信任促使它的发生。
如果…发生
这是怎么发生的？
无法发表评论
他现在无法发表意见
恶作剧者也能发表意见。
军队已开始发起攻势。
看护犬向入侵者发起了攻击。
部队已经准备好发起进攻。
全线速转发
邮箱转发列表出错！
标签转发信息库
头发也有影子。
产生智慧的不是白头发。
抓住机会的胡子，因为它的后面没有头发。"
后,"之后
以后
后
最后
然后","事后
今后
先后
前后
午后
天后
幕后
往后
后代
后来
后台
后天
后宫
后年
后悔
后期
后果
后者
后卫
后退
后遗症
后面
日后
皇后
背后
落后
身后
过后
酒后
随后","之后。
看完电電影之后後,他们們去了附近的一家餐馆館。
权衡考虑之后再去冒险。
以后後我们們去看电電影。
两兩年以后後，他果然去周游遊世界了。
两兩年以后後
我坐在后後排。
房后後有个個车車库。
后後来來的人没沒有位置坐。
最后一年，我专攻军事法。
最后，确定把所需文件带来。
最后，我们作出决定，执行新政。
我先看新闻聞,然后後吃晚饭飯。
拿着一块木板，然后找到它最薄，最容易钻的地方，钻很多的洞。我受不了这样的科学家。
选择一个目标，确定一个能够完成目标的行动方向，然后坚持这个行动直到目标达成。关键就是行动。"
作,"作
作品
作业
作为
工作","作出
作孽
作家
作弊
作怪
作息
作战
作文
作案
作用
作痛
作祟
作者
作风
做作
杰作
副作用
创作
力作
动作
动作片
化作
合作
大作
写作
工作室
工作日
工作者
工作量
恶作剧
振作
操作
故作
炒作
当作
发作
看作
称作
自作
装作
制作
运作","鞭炮声聲大作。
作呕嘔
自作自受
文学學作品
我不想通过我的作品来达到不朽，我想通过不死来达到这个目的。
这是谁的作品？
野外作业業
做家庭作业(業)
做课(課)外作业(業)
我把种種花作为為一种種休闲閒方式。
我们們要根据據一个個人的作为為来來评評判他。
作为為一名母亲親,抚撫育儿兒女是她的责責任。
我想找份好工作。
他做任何工作都很尽盡力。
编編译譯字典不是一件简簡单單的工作。"
里,"哪里
里
里面
这里","三里屯
公里
卡路里
可可西里
嘴里
夜里
家里
平方公里
心里
心里话
怀里
歇斯底里
水里
百里挑一
稀里哗啦
里边
里头
那里
乡里
阿里巴巴
香格里拉
马德里","哪里？
你住在哪里裡？
哪里裡,哪里裡,你过過奖獎了。
屋子里裡
邻鄰里裡
裤褲子里裡儿兒
当有金钱的因素在里面时，诚实就是最好的政策。
鼻子里面都破了。
不要忘记“i's”里面的一撇！
离这里不远
这里有人吗？
好，请看这里。"
用,"使用
用","不用
享用
作用
信用
信用卡
备用
利用
好用
家用
实用
专用
引用
应用
采用
有用
服用
没用
用来
用力
用品
用完
用心
用户
用尽
管用
试用
费用
通用
运用
适用
选用
食用
饮用","我使用宽寬带帶上网網。
使用说說明
在使用中/ 停止使用
你们們可以用这這个個教室。
用茶
抓苍蝇用蜂蜜比用醋更好。"
道,知道,"出道
北海道
厚道
同道
味道
问道
国道
地道
报道
大道
微不足道
志同道合
有道
正道
渠道
王道
肠道
街道
说道
车道
轨道
通道
道
道具
道别
道德
道歉
道理
道路
隧道
难道
霸道
频道","知道⋯
知道…
这這事我可不知道。"
行,"排行
旅行
流行
行
行动
行走
进行
银行","一行
上行
下行
中行
例行
修行
出行
分行
可行
同行
执行
天马行空
央行
实行
履行
工行
平行
平行线
建行
强行
德行
排行榜
支行
旅行社
横行
步行
步行者
步行街
潜行
独行
发行
自行
自行车
举行
行事
行人
行列
行善
行囊
行好
行尸走肉
行情
行政
行星
行李
行李箱
行业
行为
行程
行者
行货
行路
行踪
行车
行长
行头
行驶
言行
车行
转行
通行
通行证
游行
运行
远行
银行卡
银行家
银行业
随行
飞行
飞行员","她在3个孩子中排行老二。
她在3个孩子中排行老二。
我们正对这些博客的点击率进行大排行。
去…旅行
乘游(遊)船旅行
旅行安排在6月5日
流行
流行
这這种種服装裝开開始流行起来來。
在家你行几幾？
行,就这這么麼说說定了。
请請把图圖标標排成竖豎行。
奶奶年纪紀大了,行动動不便。
采採取行动動
行动(動)/决(決)定迟(遲)了
如果你的头是蜡做的，就不要在太阳下行走。
一切真正伟大的思想都源自于行走。
我在沙滩上缓步行走。
进行抵抗/ 战斗
对某人进行报复
为某事进行报复
她在银行工作。
我得去趟银行。
银行付款完成。"
所,"所
所以
所有","一无所有
不知所措
之所以
前所未有
场所
厕所
所在
所谓
畅所欲言
有所
派出所
无所事事
无所谓
理所当然
随心所欲","她被我的真诚誠所感动動。
这這正是大家所不理解的。
我所看过過的影片很少有大片。
路上堵车車，所以我迟遲到了。
她要减肥，所以拒绝吃肥肉。
管子是弯的，所以望不出去。
宙斯不会让所有人都如愿。
你可以愚弄一些人一辈子，也可以愚弄所有人一阵子，但是你不能愚弄所有人一辈子。
当你要做功课、填写报税表，或者你想查看所有的可选行程时，你需要全屏查看。"
然,"依然
居然
果然
然后
突然
竟然
自然
虽然","不然
仍然
偶然
坦然
大自然
天然
已然
必然
忽然
悄然
既然
淡然
然
然而
理所当然
当然
突然间
茫然
释然
顺其自然
显然","她依然像10年前那么麼漂亮。
他们依然嬉闹争吵着。
名字有什么关系呢？就是玫瑰不叫玫瑰，它依然芳香如故。
他考试試居然敢做弊！
居然是首相
居然有脸(臉)做某事
果然，警报被关闭了。
果然如我所料，这次他赢了。
主上果然是真命天子！
我先看新闻聞,然后後吃晚饭飯。
拿着一块木板，然后找到它最薄，最容易钻的地方，钻很多的洞。我受不了这样的科学家。
选择一个目标，确定一个能够完成目标的行动方向，然后坚持这个行动直到目标达成。关键就是行动。
突然
成功不是突然就来的。
这就是学习。你突然以一种新的方式理解了一些你人生中己经明白的事。
走到半路上竟然下起雨来來。
玛瑪丽麗养養了五年的小狗竟然咬了她。
有趣的是你竟然同意了
自然
你对對他那么麼冷淡,他自然不会會再来來了。
表情自然
虽然我很感谢财富的赐福，但是它并没有改变我，我的脚还站在地上，只不过是穿了更好的鞋子。
我知道这片树林是谁的。虽然他就住在村落中，他不会看到我停在这里，看着他的树林雪花纷飞。
虽然真理如此稀有，供给却一直大于需求。"
家,"回家
大家
家
玩家","人家
作家
冤家
到家
合家
国家
墨家
娘家
宜家
家人
家伙
家具
家务
家园
家居
家属
家常
家庭
家族
家里
家乡
家长
家门
专家
想家
搬家
独家
石家庄
科学家
老人家
老家
自家
艺术家
评论家
邻家
阖家","回家。
回家！
我要回家了。
国國画畫大家
我们們大家必须須继繼续續努力。
大家都很喜欢歡这這部电電影。
家傢畜
家傢兄
造访(訪)某人(的家)
垫牌后每个玩家手中有五张牌。
游戏开始时，每名玩家有五张牌。
所有玩家都过牌，那么这轮赌局就结束了。"
种,种,"各种各样
品种
物种
特种兵
种子
种种","种種果树樹
种種痘
你去了哪种(種)学(學)校？"
事,"事
事情
故事","世事
事事
事件
事先
事儿
事务
事实
事后
事故
事业
事业有成
事物
事变
事项
人事
做事
共事
凡事
出事
刑事
同事
喜事
回事
坏事
小事
屁事
往事
从事
心事
怎么回事
懂事
找事
本事
乐事
没事
无所事事
烦心事
琐事
当事人
糗事
万事
万事如意
董事长
处事
行事
诸事
赛事
军事
办事","有事吗嗎？没沒事。
这這没沒我的事。
我想和你说說几幾件事。
他公司事情很多。
事情不会會这這么麼简簡单單。
把事情做好
总之，故事还未结束。
这个悬疑故事令人惊惧。
它没有让故事的作者成为骗子，它使他们成为容易犯错的人类记忆和认知的仆人。"
成,"完成
成
成功
成就
成为
成长","切成
合成
建成
形成
成交
成人
成全
成分
成名
成员
成年
成日
成本
成果
成熟
成真
成立
成绩
成绩单
成语
成都
成龙
改成
构成
当成
看成
组成
变成
造成
达成
养成","完成某事
绅士的产生始于教育，完成于交际。
越是想完成的事，我越是不视它为工作。
那件事成了。
成！就这這么麼定了。
两兩个個人成了好朋友。
成功
他这這次试試验驗获獲得了成功。
本届屆运運动動会會开開得很成功。
他在事业上很有成就。
她立志成就一番事业業。
引以为(為)豪的成就
活着的全部意义在于发展成为你想成为的完整的人。
想要成为能够成为的人是生活的目标。
永远不要忘记，你的人生是你自己在掌控。你因你有意或无意地选择而成为你。
成长(長)为(為)⋯
胚胎的成长(長)
一个(個)成长(長)中的明星"
方,"地方
官方
对方
方
方便
方向
方式
方法
方面
东方","下方
何方
偏方
全方位
前方
北方
南方
大方
天各一方
女方
平方公里
平方米
方便面
方圆
方块
方案
方程式
方糖
方舟
方言
次方
秘方
立方
西方
警方
远方
配方
双方
魔方","你是哪个個地方的人？
这這个個地方真美。
车車里裡没沒地方了。
进(進)行私人性/官方的访(訪)问(問)
官方的失业(業)统(統)计(計)数(數)据(據)
一份官方犯罪报(報)告证(證)实(實)了她的观(觀)点(點)。
埃米跪下身子，这样他们可以平视对方。
永远不要动怒，不要威胁对方，以理服人。
有时候衡量友谊不是你能不去伤害对方，而是你能够包容和原谅对方的过错并且让他原谅你的错误。
能自制者，方能制人。
这条河流向东南方。
争论由第三方裁决。
上海的交通很方便。
这這里裡谈談话話不方便。
我们們应應把方便留给給他人。
你要朝那个個方向走。
他们們在森林里裡迷失了方向。
方向正确(確)

打击有害思想的方法是用其它思想，打击谎言的方法是用真相。
中国古代通过六书的方法造字。
准备色柱有两种方法：干法和湿法。
优優势勢在我们們方面。
我们們应應该該分析问問题題的所有方面。
在政治/经(經)济(濟)方面
东方蓝鳍鲔
太阳从东方升起。
这房子面朝东方。"
